{"train_loss": 0.52799594445505, "val_loss": 1.5476808547973633, "_timestamp": 1710815541.515156, "_runtime": 425.6629841327667, "_step": 13, "test_mse_mean": 0.4678901433944702, "test_mse_std": 0.023077478632330894, "test_r2_mean": 0.575918972492218, "test_r2_std": 0.0, "_wandb": {"runtime": 425}}