{"train_loss": 0.08579133450984955, "val_loss": null, "_timestamp": 1715969634.017098, "_runtime": 1007.1596748828888, "_step": 388}