{"train_loss": 0.3741152196178609, "val_loss": 0.970590353012085, "_timestamp": 1710814688.5711915, "_runtime": 514.4288165569305, "_step": 15, "test_mse_mean": 0.421085387468338, "test_mse_std": 0.003341729287058115, "test_r2_mean": 0.6217521131038666, "test_r2_std": 0.0, "_wandb": {"runtime": 513}}