{"train_loss": 0.07558336108922958, "val_loss": 0.03114614449441433, "_timestamp": 1715101703.0645943, "_runtime": 41.269766330718994, "_step": 4, "test_mse_mean": 0.009135937318205833, "test_mse_std": 0.0, "test_r2_mean": -2.197805643081665, "test_r2_std": 0.0, "_wandb": {"runtime": 40}}