{"train_loss": 0.010479644872248173, "val_loss": null, "_timestamp": 1715968613.8276901, "_runtime": 1134.8478162288666, "_step": 499, "_wandb": {"runtime": 1136}}