{"train_loss": 0.5825247168540955, "val_loss": 0.06549277156591415, "_timestamp": 1715103212.8055692, "_runtime": 42.96927213668823, "_step": 7, "test_mse_mean": 1.5078591108322144, "test_mse_std": 0.0, "test_r2_mean": -0.5600740909576416, "test_r2_std": 0.0, "_wandb": {"runtime": 42}}