{"train_loss": 1.7071467638015747, "val_loss": NaN, "_timestamp": 1711472691.3456073, "_runtime": 787.1607663631439, "_step": 499, "_wandb": {"runtime": 787}}