{"train_loss": 0.33397814631462097, "val_loss": 1.9807451963424683, "_timestamp": 1715103314.5007267, "_runtime": 44.69536280632019, "_step": 9, "test_mse_mean": 13.035545349121094, "test_mse_std": 0.0, "test_r2_mean": -8.288667678833008, "test_r2_std": 0.0, "_wandb": {"runtime": 44}}