{"train_loss": NaN, "val_loss": null, "_timestamp": 1715882872.122585, "_runtime": 200.96116399765015, "_step": 69}