{"train_loss": 0.011736252345144749, "val_loss": 0.07857435196638107, "_timestamp": 1715970109.4005387, "_runtime": 147.28196263313293, "_step": 72, "test_mse_mean": 20.277976989746094, "test_mse_std": 0.0, "test_r2_mean": -0.5546703338623047, "test_r2_std": 0.0, "train_mse_mean": 0.02123723179101944, "train_mse_std": 0.0, "train_r2_mean": -6.231127738952637, "train_r2_std": 0.0, "vali_mse_mean": 0.020067747682332993, "vali_mse_std": 0.0, "vali_r2_mean": -3.211002826690674, "vali_r2_std": 0.0, "_wandb": {"runtime": 145}}