{"train_loss": 0.021448496729135513, "val_loss": 0.002351629314944148, "_timestamp": 1715282934.4881198, "_runtime": 38.82494378089905, "_step": 4, "test_mse_mean": 0.021815259009599686, "test_mse_std": 0.0, "test_r2_mean": -19.126014709472656, "test_r2_std": 0.0, "_wandb": {"runtime": 38}}