{"train_loss": 0.016639551147818565, "val_loss": null, "_timestamp": 1715971357.979256, "_runtime": 1239.5202169418335, "_step": 486}