{"train_loss": 1.7083635330200195, "val_loss": null, "_timestamp": 1711473351.71619, "_runtime": 910.6626410484314, "_step": 499, "_wandb": {"runtime": 911}}