{"train_loss": 0.27359145879745483, "val_loss": 0.13095441460609436, "_timestamp": 1715969950.7601345, "_runtime": 85.83182334899902, "_step": 31, "_wandb": {"runtime": 86}}