{"train_loss": 0.030464118346571922, "val_loss": 0.016029134392738342, "_timestamp": 1715101652.4049048, "_runtime": 45.798359870910645, "_step": 7, "test_mse_mean": 0.014365877956151962, "test_mse_std": 0.0, "test_r2_mean": -0.019988656044006348, "test_r2_std": 0.0, "_wandb": {"runtime": 45}}