{"train_loss": 0.44697964816000263, "val_loss": 0.46438246965408325, "_timestamp": 1710845430.2797067, "_runtime": 11834.845811605453, "_step": 20, "test_mse_mean": 0.19539283215999603, "test_mse_std": 0.0008523962460458279, "test_r2_mean": 0.6617258191108704, "test_r2_std": 0.0014757125140651725, "_wandb": {"runtime": 11834}}