{"train_loss": 2005.45166015625, "val_loss": 0.5919585824012756, "_timestamp": 1715281435.2908196, "_runtime": 38.32905864715576, "_step": 3, "_wandb": {"runtime": 38}}