{"train_loss": 0.3189654786671911, "val_loss": 0.6998443007469177, "_timestamp": 1710812840.253257, "_runtime": 779.630224943161, "_step": 22, "_wandb": {"runtime": 783}}