{"train_loss": 0.4695628583431244, "val_loss": 0.0874621570110321, "_timestamp": 1715283848.545633, "_runtime": 44.09516716003418, "_step": 8, "test_mse_mean": 0.35358452796936035, "test_mse_std": 0.0, "test_r2_mean": 0.0008463859558105469, "test_r2_std": 0.0, "_wandb": {"runtime": 43}}