{"train_loss": NaN, "val_loss": NaN, "_timestamp": 1711470582.8743887, "_runtime": 755.0620048046112, "_step": 499, "_wandb": {"runtime": 755}}