{"train_loss": 0.9203053712844849, "val_loss": 0.13539311289787292, "_timestamp": 1715100545.76425, "_runtime": 43.71402597427368, "_step": 6, "test_mse_mean": 1.1550382375717163, "test_mse_std": 0.0, "test_r2_mean": -1.454333782196045, "test_r2_std": 0.0, "_wandb": {"runtime": 43}}