{"train_loss": 1.7714403470357258, "val_loss": null, "_timestamp": 1714760568.0326123, "_runtime": 528.0690762996674, "_step": 288}