{"train_loss": 0.4303125350431363, "val_loss": 1.2536460161209106, "_timestamp": 1710815104.7184944, "_runtime": 407.3728485107422, "_step": 12, "test_mse_mean": 0.44094452261924744, "test_mse_std": 0.0032876823097467422, "test_r2_mean": 0.6000423729419708, "test_r2_std": 0.0, "_wandb": {"runtime": 406}}