{"train_loss": 0.006552985869348049, "val_loss": 0.07510117441415787, "_timestamp": 1715967467.9686725, "_runtime": 232.62953448295593, "_step": 129, "test_mse_mean": 9.040810585021973, "test_mse_std": 0.0, "test_r2_mean": -0.6673749685287476, "test_r2_std": 0.0, "train_mse_mean": 0.002419655676931143, "train_mse_std": 0.0, "train_r2_mean": 0.002975761890411377, "train_r2_std": 0.0, "vali_mse_mean": 0.07243858277797699, "vali_mse_std": 0.0, "vali_r2_mean": -20.47907257080078, "vali_r2_std": 0.0, "_wandb": {"runtime": 232}}