{"train_loss": 0.10211895406246185, "val_loss": 0.12240341305732727, "_timestamp": 1715969854.7681499, "_runtime": 129.5682168006897, "_step": 58, "test_mse_mean": 0.09546293318271637, "test_mse_std": 0.0, "test_r2_mean": -2.977569103240967, "test_r2_std": 0.0, "train_mse_mean": 0.14585256576538086, "train_mse_std": 0.0, "train_r2_mean": -0.744260311126709, "train_r2_std": 0.0, "vali_mse_mean": 0.024349642917513847, "vali_mse_std": 0.0, "vali_r2_mean": -1.1756947040557861, "vali_r2_std": 0.0, "_wandb": {"runtime": 128}}