{"train_loss": 0.5805185306333158, "val_loss": 0.6298301219940186, "_timestamp": 1710866033.5312393, "_runtime": 5280.1033663749695, "_step": 8}