{"train_loss": 0.02718580700457096, "val_loss": 0.41444459557533264, "_timestamp": 1715104754.280021, "_runtime": 49.82993292808533, "_step": 11, "test_mse_mean": 1.1488648653030396, "test_mse_std": 0.0, "test_r2_mean": -2.8902435302734375, "test_r2_std": 0.0, "_wandb": {"runtime": 49}}