{"train_loss": 0.2302379012107849, "val_loss": 0.08679882436990738, "_timestamp": 1715967221.6952822, "_runtime": 179.5447793006897, "_step": 107, "_wandb": {"runtime": 180}}