{"train_loss": 4.570672512054443, "val_loss": 2.5142500400543213, "_timestamp": 1715101047.092784, "_runtime": 41.685444831848145, "_step": 5, "test_mse_mean": 1.1944254636764526, "test_mse_std": 0.0, "test_r2_mean": -0.2650325298309326, "test_r2_std": 0.0, "_wandb": {"runtime": 41}}