{"train_loss": 0.01559593714773655, "val_loss": null, "_timestamp": 1715884103.7772117, "_runtime": 1183.8624355793, "_step": 499, "_wandb": {"runtime": 1185}}