{"train_loss": 1.7083635330200195, "val_loss": null, "_timestamp": 1714761865.1982276, "_runtime": 910.9475145339966, "_step": 499, "_wandb": {"runtime": 911}}