{"train_loss": 0.008907362818717957, "val_loss": null, "_timestamp": 1715095543.3026268, "_runtime": 1035.336366891861, "_step": 499, "_wandb": {"runtime": 1036}}