{"train_loss": 0.4944033362828346, "val_loss": 0.5343940854072571, "_timestamp": 1710860742.7697892, "_runtime": 15303.90167927742, "_step": 23, "test_mse_mean": 0.2516922056674957, "test_mse_std": 0.00413294043391943, "test_r2_mean": 0.566310316324234, "test_r2_std": 0.007121451393736771, "_wandb": {"runtime": 15303}}