{"train_loss": 0.0741846114397049, "val_loss": 0.022379020228981972, "_timestamp": 1715967031.526127, "_runtime": 221.48668909072876, "_step": 129, "test_mse_mean": 0.12282820045948029, "test_mse_std": 0.0, "test_r2_mean": -3.1860713958740234, "test_r2_std": 0.0, "train_mse_mean": 0.08276736736297607, "train_mse_std": 0.0, "train_r2_mean": 0.011570155620574951, "train_r2_std": 0.0, "vali_mse_mean": 0.018527602776885033, "vali_mse_std": 0.0, "vali_r2_mean": -2.3509905338287354, "vali_r2_std": 0.0, "_wandb": {"runtime": 220}}