{"train_loss": 0.14775030314922333, "val_loss": 0.04813916236162186, "_timestamp": 1715105002.2973711, "_runtime": 55.628127098083496, "_step": 16, "test_mse_mean": 0.5884394645690918, "test_mse_std": 0.0, "test_r2_mean": -0.14541006088256836, "test_r2_std": 0.0, "_wandb": {"runtime": 55}}