{"train_loss": 0.39499361076021705, "val_loss": 0.3976777195930481, "_timestamp": 1710833586.1773367, "_runtime": 14750.149768590927, "_step": 25, "test_mse_mean": 0.1494321972131729, "test_mse_std": 0.0005742104258388281, "test_r2_mean": 0.7396923899650574, "test_r2_std": 0.0, "_wandb": {"runtime": 14749}}