{"train_loss": 1.9427357117335002, "val_loss": null, "_timestamp": 1714760701.856633, "_runtime": 100.29763793945312, "_step": 38}