{"train_loss": 0.055039357393980026, "val_loss": 0.004495182540267706, "_timestamp": 1715104927.2967572, "_runtime": 50.281148195266724, "_step": 10, "test_mse_mean": 0.0422271229326725, "test_mse_std": 0.0, "test_r2_mean": -1.4138071537017822, "test_r2_std": 0.0, "_wandb": {"runtime": 46}}