{"train_loss": 0.3189654786671911, "val_loss": 0.6998443007469177, "_timestamp": 1710814162.5613828, "_runtime": 784.8748998641968, "_step": 23, "test_mse_mean": 0.38318076729774475, "test_mse_std": 0.00034358876291662455, "test_r2_mean": 0.6530658304691315, "test_r2_std": 0.0, "_wandb": {"runtime": 784}}