{"train_loss": 2005.45166015625, "val_loss": 0.5919585824012756, "_timestamp": 1715102092.2157817, "_runtime": 37.849796772003174, "_step": 3, "_wandb": {"runtime": 37}}