{"train_loss": 0.034020986407995224, "val_loss": 0.26076096296310425, "_timestamp": 1715281537.896834, "_runtime": 43.12999486923218, "_step": 7, "test_mse_mean": 1.1724919080734253, "test_mse_std": 0.0, "test_r2_mean": -18.9844913482666, "test_r2_std": 0.0, "_wandb": {"runtime": 42}}