{"train_loss": 35.707130432128906, "val_loss": 4.449459552764893, "_timestamp": 1715102416.690664, "_runtime": 54.07861304283142, "_step": 17, "test_mse_mean": 0.46093320846557617, "test_mse_std": 0.0, "test_r2_mean": -0.21001887321472168, "test_r2_std": 0.0, "_wandb": {"runtime": 53}}