{"train_loss": 0.10645879060029984, "val_loss": null, "_timestamp": 1715093996.1208634, "_runtime": 162.1623933315277, "_step": 64}