{"train_loss": 0.42393873018376965, "val_loss": 0.9460761547088623, "_timestamp": 1710813065.7216642, "_runtime": 208.66423511505127, "_step": 5}